query_protein,instance_type,ucf_json_file,ucf_object_index,ucf_record_type,gate_or_fragment_name,has_response_parameters,target_metric,target_metric_name,target_metric_source,derived_dynamic_range,derived_log10_on_off_ratio,ucf_param_ymax,ucf_param_ymin,ucf_param_K,ucf_param_n,ucf_param_a,ucf_param_b,ucf_param_alpha,ucf_param_beta,ucf_param_tau_on,ucf_param_tau_off
SrpR,ucf_gate_or_circuit_fragment,outputs\cache\Cello-UCF-develop\files\v1\ucf\Eco\Eco1C1G1T0.UCF.json,269,gates,S1_SrpR,0,,,not_found,,,,,,,,,,,,
SrpR,ucf_gate_or_circuit_fragment,outputs\cache\Cello-UCF-develop\files\v1\ucf\Eco\Eco1C1G1T0.UCF.json,270,gates,S2_SrpR,0,,,not_found,,,,,,,,,,,,
SrpR,ucf_gate_or_circuit_fragment,outputs\cache\Cello-UCF-develop\files\v1\ucf\Eco\Eco1C1G1T0.UCF.json,271,gates,S3_SrpR,0,,,not_found,,,,,,,,,,,,
SrpR,ucf_gate_or_circuit_fragment,outputs\cache\Cello-UCF-develop\files\v1\ucf\Eco\Eco1C1G1T0.UCF.json,272,gates,S4_SrpR,0,,,not_found,,,,,,,,,,,,
SrpR,ucf_gate_or_circuit_fragment,outputs\cache\Cello-UCF-develop\files\v1\ucf\Eco\Eco1C1G1T0.UCF.json,333,response_functions,S1_SrpR,1,433.3333333333333,on_off_ratio,derived_from_ymax_ymin,1.2970000000000002,2.6368220975871743,1.3,0.003,0.01,2.9,,,,,,
SrpR,ucf_gate_or_circuit_fragment,outputs\cache\Cello-UCF-develop\files\v1\ucf\Eco\Eco1C1G1T0.UCF.json,339,response_functions,S2_SrpR,1,700.0,on_off_ratio,derived_from_ymax_ymin,2.097,2.845098040014257,2.1,0.003,0.04,2.6,,,,,,
SrpR,ucf_gate_or_circuit_fragment,outputs\cache\Cello-UCF-develop\files\v1\ucf\Eco\Eco1C1G1T0.UCF.json,345,response_functions,S3_SrpR,1,525.0,on_off_ratio,derived_from_ymax_ymin,2.096,2.720159303405957,2.1,0.004,0.06,2.8,,,,,,
SrpR,ucf_gate_or_circuit_fragment,outputs\cache\Cello-UCF-develop\files\v1\ucf\Eco\Eco1C1G1T0.UCF.json,351,response_functions,S4_SrpR,1,300.0,on_off_ratio,derived_from_ymax_ymin,2.093,2.4771212547196626,2.1,0.007,0.1,2.8,,,,,,
SrpR,ucf_gate_or_circuit_fragment,outputs\cache\Cello-UCF-develop\files\v1\ucf\Eco\Eco1C1G1T0.UCF.json,666,eugene_rules,gate_srpr,0,,,not_found,,,,,,,,,,,,
SrpR,ucf_gate_or_circuit_fragment,outputs\cache\Cello-UCF-develop\files\v1\ucf\Eco\Eco1C2G2T2.UCF.json,276,gates,SrpR,0,,,not_found,,,,,,,,,,,,
SrpR,ucf_gate_or_circuit_fragment,outputs\cache\Cello-UCF-develop\files\v1\ucf\Eco\Eco1C2G2T2.UCF.json,286,response_functions,S2_SrpR,1,1119.868617725721,on_off_ratio,derived_from_ymax_ymin,3.165616099,3.0491670745062107,3.1684454,0.002829301,0.062531512,2.655303675,0.351620698,0.085751278,,,,
SrpR,ucf_gate_or_circuit_fragment,outputs\cache\Cello-UCF-develop\files\v1\ucf\Eco\Eco1C2G2T2.UCF.json,374,response_functions,S1_SrpR,1,1008.8474788116824,on_off_ratio,derived_from_ymax_ymin,1.365149567,3.0038255129987137,1.366504087,0.00135452,0.016906016,3.095316853,0.496977484,0.054296158,,,,
SrpR,ucf_gate_or_circuit_fragment,outputs\cache\Cello-UCF-develop\files\v1\ucf\Eco\Eco1C2G2T2.UCF.json,382,response_functions,S3_SrpR,1,753.5814690678426,on_off_ratio,derived_from_ymax_ymin,3.051477031,2.877130210405136,3.055531711,0.00405468,0.087385601,2.657349101,0.333702566,0.092558084,,,,
SrpR,ucf_gate_or_circuit_fragment,outputs\cache\Cello-UCF-develop\files\v1\ucf\Eco\Eco1C2G2T2.UCF.json,390,response_functions,S4_SrpR,1,728.3073878215229,on_off_ratio,derived_from_ymax_ymin,3.161638671,2.8623147153831425,3.165985717,0.004347046,0.110327837,2.654076554,0.378190946,0.089509276,,,,
SrpR,ucf_gate_or_circuit_fragment,outputs\cache\Cello-UCF-develop\files\v2\ucf\Eco\Eco1C1G1T1.UCF.json,408,models,S1_SrpR_model,1,433.3333333333333,on_off_ratio,derived_from_ymax_ymin,1.2970000000000002,2.6368220975871743,1.3,0.003,0.01,2.9,,,0.4969774844849547,0.05429615831701271,,
SrpR,ucf_gate_or_circuit_fragment,outputs\cache\Cello-UCF-develop\files\v2\ucf\Eco\Eco1C1G1T1.UCF.json,409,,s1_srpr,0,,,not_found,,,,,,,,,,,,
SrpR,ucf_gate_or_circuit_fragment,outputs\cache\Cello-UCF-develop\files\v2\ucf\Eco\Eco1C1G1T1.UCF.json,416,models,S2_SrpR_model,1,700.0,on_off_ratio,derived_from_ymax_ymin,2.097,2.845098040014257,2.1,0.003,0.04,2.6,,,0.35162069790016137,0.08575127838151375,,
SrpR,ucf_gate_or_circuit_fragment,outputs\cache\Cello-UCF-develop\files\v2\ucf\Eco\Eco1C1G1T1.UCF.json,417,,s2_srpr,0,,,not_found,,,,,,,,,,,,
SrpR,ucf_gate_or_circuit_fragment,outputs\cache\Cello-UCF-develop\files\v2\ucf\Eco\Eco1C1G1T1.UCF.json,424,models,S3_SrpR_model,1,525.0,on_off_ratio,derived_from_ymax_ymin,2.096,2.720159303405957,2.1,0.004,0.06,2.8,,,0.3337025658634261,0.09255808434135396,,
SrpR,ucf_gate_or_circuit_fragment,outputs\cache\Cello-UCF-develop\files\v2\ucf\Eco\Eco1C1G1T1.UCF.json,425,,s3_srpr,0,,,not_found,,,,,,,,,,,,
SrpR,ucf_gate_or_circuit_fragment,outputs\cache\Cello-UCF-develop\files\v2\ucf\Eco\Eco1C1G1T1.UCF.json,432,models,S4_SrpR_model,1,300.0,on_off_ratio,derived_from_ymax_ymin,2.093,2.4771212547196626,2.1,0.007,0.1,2.8,,,0.3781909455221124,0.0895092758664231,,
SrpR,ucf_gate_or_circuit_fragment,outputs\cache\Cello-UCF-develop\files\v2\ucf\Eco\Eco1C1G1T1.UCF.json,433,,s4_srpr,0,,,not_found,,,,,,,,,,,,
SrpR,ucf_gate_or_circuit_fragment,outputs\cache\Cello-UCF-develop\files\v2\ucf\Eco\Eco1C2G2T2.UCF.json,288,models,S2_SrpR_model,1,1119.868617725721,on_off_ratio,derived_from_ymax_ymin,3.165616099,3.0491670745062107,3.1684454,0.002829301,0.062531512,2.655303675,,,0.351620698,0.085751278,0.5,7.0
SrpR,ucf_gate_or_circuit_fragment,outputs\cache\Cello-UCF-develop\files\v2\ucf\Eco\Eco1C2G2T2.UCF.json,398,models,S1_SrpR_model,1,1008.8474788116824,on_off_ratio,derived_from_ymax_ymin,1.365149567,3.0038255129987137,1.366504087,0.00135452,0.016906016,3.095316853,,,0.496977484,0.054296158,5.0,7.0
SrpR,ucf_gate_or_circuit_fragment,outputs\cache\Cello-UCF-develop\files\v2\ucf\Eco\Eco1C2G2T2.UCF.json,408,models,S3_SrpR_model,1,753.5814690678426,on_off_ratio,derived_from_ymax_ymin,3.051477031,2.877130210405136,3.055531711,0.00405468,0.087385601,2.657349101,,,0.333702566,0.092558084,0.7,6.0
SrpR,ucf_gate_or_circuit_fragment,outputs\cache\Cello-UCF-develop\files\v2\ucf\Eco\Eco1C2G2T2.UCF.json,418,models,S4_SrpR_model,1,728.3073878215229,on_off_ratio,derived_from_ymax_ymin,3.161638671,2.8623147153831425,3.165985717,0.004347046,0.110327837,2.654076554,,,0.378190946,0.089509276,1.8,8.0
PhlF,ucf_gate_or_circuit_fragment,outputs\cache\Cello-UCF-develop\files\v1\ucf\Eco\Eco1C1G1T0.UCF.json,266,gates,P1_PhlF,0,,,not_found,,,,,,,,,,,,
PhlF,ucf_gate_or_circuit_fragment,outputs\cache\Cello-UCF-develop\files\v1\ucf\Eco\Eco1C1G1T0.UCF.json,267,gates,P2_PhlF,0,,,not_found,,,,,,,,,,,,
PhlF,ucf_gate_or_circuit_fragment,outputs\cache\Cello-UCF-develop\files\v1\ucf\Eco\Eco1C1G1T0.UCF.json,268,gates,P3_PhlF,0,,,not_found,,,,,,,,,,,,
PhlF,ucf_gate_or_circuit_fragment,outputs\cache\Cello-UCF-develop\files\v1\ucf\Eco\Eco1C1G1T0.UCF.json,315,response_functions,P1_PhlF,1,390.0,on_off_ratio,derived_from_ymax_ymin,3.89,2.591064607026499,3.9,0.01,0.03,4.0,,,,,,
PhlF,ucf_gate_or_circuit_fragment,outputs\cache\Cello-UCF-develop\files\v1\ucf\Eco\Eco1C1G1T0.UCF.json,321,response_functions,P2_PhlF,1,204.99999999999997,on_off_ratio,derived_from_ymax_ymin,4.08,2.311753861055754,4.1,0.02,0.13,3.9,,,,,,
PhlF,ucf_gate_or_circuit_fragment,outputs\cache\Cello-UCF-develop\files\v1\ucf\Eco\Eco1C1G1T0.UCF.json,327,response_functions,P3_PhlF,1,340.0,on_off_ratio,derived_from_ymax_ymin,6.78,2.531478917042255,6.8,0.02,0.23,4.2,,,,,,
PhlF,ucf_gate_or_circuit_fragment,outputs\cache\Cello-UCF-develop\files\v1\ucf\Eco\Eco1C1G1T0.UCF.json,666,eugene_rules,gate_phlf,0,,,not_found,,,,,,,,,,,,
PhlF,ucf_gate_or_circuit_fragment,outputs\cache\Cello-UCF-develop\files\v1\ucf\Eco\Eco1C2G2T2.UCF.json,278,response_functions,P3_PhlF,1,1522.0915821221158,on_off_ratio,derived_from_ymax_ymin,7.083442096000001,3.182440784112406,7.088098911,0.004656815,0.116044457,3.342819362,0.240700115,0.061908386,,,,
PhlF,ucf_gate_or_circuit_fragment,outputs\cache\Cello-UCF-develop\files\v1\ucf\Eco\Eco1C2G2T2.UCF.json,358,response_functions,P1_PhlF,1,1584.7234744235752,on_off_ratio,derived_from_ymax_ymin,6.869075907,3.199953491153664,6.873413202,0.004337295,0.042126721,3.804263913,0.222204213,0.064388009,,,,
PhlF,ucf_gate_or_circuit_fragment,outputs\cache\Cello-UCF-develop\files\v1\ucf\Eco\Eco1C2G2T2.UCF.json,366,response_functions,P2_PhlF,1,1120.827337839778,on_off_ratio,derived_from_ymax_ymin,7.4801856970000005,3.0495387151829374,7.486865464,0.006679767,0.20384996,4.481560106,0.146320601,0.117556995,,,,
PhlF,ucf_gate_or_circuit_fragment,outputs\cache\Cello-UCF-develop\files\v1\ucf\Eco\Eco2C1G3T1.UCF.json,513,gates,P1_PhlF_a,0,,,not_found,,,,,,,,,,,,
PhlF,ucf_gate_or_circuit_fragment,outputs\cache\Cello-UCF-develop\files\v1\ucf\Eco\Eco2C1G3T1.UCF.json,520,gates,P1_PhlF_b,0,,,not_found,,,,,,,,,,,,
PhlF,ucf_gate_or_circuit_fragment,outputs\cache\Cello-UCF-develop\files\v1\ucf\Eco\Eco2C1G3T1.UCF.json,527,response_functions,P1_PhlF_a,1,622.2307692307693,on_off_ratio,derived_from_ymax_ymin,5.112108,2.793951483109446,5.120337,0.008229,0.15192,2.4223,,,,,,
PhlF,ucf_gate_or_circuit_fragment,outputs\cache\Cello-UCF-develop\files\v1\ucf\Eco\Eco2C1G3T1.UCF.json,569,response_functions,P1_PhlF_b,1,622.2307692307693,on_off_ratio,derived_from_ymax_ymin,5.112108,2.793951483109446,5.120337,0.008229,0.15192,2.4223,,,,,,
PhlF,ucf_gate_or_circuit_fragment,outputs\cache\Cello-UCF-develop\files\v1\ucf\SC\SC1C1G1T1.UCF.json,283,response_functions,P1_PhlF_a,1,535.0,on_off_ratio,derived_from_ymax_ymin,3.204,2.7283537820212285,3.21,0.006,0.211,3.57,,,,,,
PhlF,ucf_gate_or_circuit_fragment,outputs\cache\Cello-UCF-develop\files\v1\ucf\SC\SC1C1G1T1.UCF.json,355,response_functions,P1_PhlF_b,1,1.0,on_off_ratio,derived_from_ymax_ymin,0.0,0.0,0.01,0.01,1.0,1.0,,,,,,
PhlF,ucf_gate_or_circuit_fragment,outputs\cache\Cello-UCF-develop\files\v2\ucf\Eco\Eco1C1G1T1.UCF.json,360,models,P1_PhlF_model,1,390.0,on_off_ratio,derived_from_ymax_ymin,3.89,2.591064607026499,3.9,0.01,0.03,4.0,,,0.22220421323746709,0.06438800857775553,,
PhlF,ucf_gate_or_circuit_fragment,outputs\cache\Cello-UCF-develop\files\v2\ucf\Eco\Eco1C1G1T1.UCF.json,361,,p1_phlf,0,,,not_found,,,,,,,,,,,,
PhlF,ucf_gate_or_circuit_fragment,outputs\cache\Cello-UCF-develop\files\v2\ucf\Eco\Eco1C1G1T1.UCF.json,368,models,P2_PhlF_model,1,204.99999999999997,on_off_ratio,derived_from_ymax_ymin,4.08,2.311753861055754,4.1,0.02,0.13,3.9,,,0.1463206009221345,0.11755699456950987,,
PhlF,ucf_gate_or_circuit_fragment,outputs\cache\Cello-UCF-develop\files\v2\ucf\Eco\Eco1C1G1T1.UCF.json,369,,p2_phlf,0,,,not_found,,,,,,,,,,,,
PhlF,ucf_gate_or_circuit_fragment,outputs\cache\Cello-UCF-develop\files\v2\ucf\Eco\Eco1C1G1T1.UCF.json,376,models,P3_PhlF_model,1,340.0,on_off_ratio,derived_from_ymax_ymin,6.78,2.531478917042255,6.8,0.02,0.23,4.2,,,0.24070011453960044,0.061908386254441006,,
PhlF,ucf_gate_or_circuit_fragment,outputs\cache\Cello-UCF-develop\files\v2\ucf\Eco\Eco1C1G1T1.UCF.json,377,,p3_phlf,0,,,not_found,,,,,,,,,,,,
PhlF,ucf_gate_or_circuit_fragment,outputs\cache\Cello-UCF-develop\files\v2\ucf\Eco\Eco1C2G2T2.UCF.json,278,models,P3_PhlF_model,1,1522.0915821221158,on_off_ratio,derived_from_ymax_ymin,7.083442096000001,3.182440784112406,7.088098911,0.004656815,0.116044457,3.342819362,,,0.240700115,0.061908386,0.15,5.0
PhlF,ucf_gate_or_circuit_fragment,outputs\cache\Cello-UCF-develop\files\v2\ucf\Eco\Eco1C2G2T2.UCF.json,378,models,P1_PhlF_model,1,1584.7234744235752,on_off_ratio,derived_from_ymax_ymin,6.869075907,3.199953491153664,6.873413202,0.004337295,0.042126721,3.804263913,,,0.222204213,0.064388009,0.3,4.0
PhlF,ucf_gate_or_circuit_fragment,outputs\cache\Cello-UCF-develop\files\v2\ucf\Eco\Eco1C2G2T2.UCF.json,388,models,P2_PhlF_model,1,1120.827337839778,on_off_ratio,derived_from_ymax_ymin,7.4801856970000005,3.0495387151829374,7.486865464,0.006679767,0.20384996,4.481560106,,,0.146320601,0.117556995,0.2,4.0
PhlF,ucf_gate_or_circuit_fragment,outputs\cache\Cello-UCF-develop\files\v2\ucf\Eco\Eco2C1G3T1.UCF.json,571,models,P1_PhlF_model,1,622.2307692307693,on_off_ratio,derived_from_ymax_ymin,5.112108,2.793951483109446,5.120337,0.008229,0.15192,2.4223,,,,,,
PhlF,ucf_gate_or_circuit_fragment,outputs\cache\Cello-UCF-develop\files\v2\ucf\SC\SC1C1G1T1.UCF.json,0,header,PhlF,0,,,not_found,,,,,,,,,,,,
PhlF,ucf_gate_or_circuit_fragment,outputs\cache\Cello-UCF-develop\files\v2\ucf\SC\SC1C1G1T1.UCF.json,278,models,P1_PhlF_model,1,535.0,on_off_ratio,derived_from_ymax_ymin,3.204,2.7283537820212285,3.21,0.006,0.211,3.57,,,,,,
AmeR,ucf_gate_or_circuit_fragment,outputs\cache\Cello-UCF-develop\files\v1\ucf\Eco\Eco1C1G1T0.UCF.json,264,gates,F1_AmeR,0,,,not_found,,,,,,,,,,,,
AmeR,ucf_gate_or_circuit_fragment,outputs\cache\Cello-UCF-develop\files\v1\ucf\Eco\Eco1C1G1T0.UCF.json,303,response_functions,F1_AmeR,1,18.999999999999996,on_off_ratio,derived_from_ymax_ymin,3.5999999999999996,1.2787536009528289,3.8,0.2,0.09,1.4,,,,,,
AmeR,ucf_gate_or_circuit_fragment,outputs\cache\Cello-UCF-develop\files\v1\ucf\Eco\Eco1C1G1T0.UCF.json,666,eugene_rules,gate_amer,0,,,not_found,,,,,,,,,,,,
AmeR,ucf_gate_or_circuit_fragment,outputs\cache\Cello-UCF-develop\files\v1\ucf\Eco\Eco1C2G2T2.UCF.json,266,gates,F2_AmeR,0,,,not_found,,,,,,,,,,,,
AmeR,ucf_gate_or_circuit_fragment,outputs\cache\Cello-UCF-develop\files\v1\ucf\Eco\Eco1C2G2T2.UCF.json,326,response_functions,F2_AmeR,1,17.816248109797748,on_off_ratio,derived_from_ymax_ymin,3.4682358300000002,1.2508162520707606,3.674478971,0.206243141,0.0346134,1.314222122,0.09874237,1.0,,,,
AmeR,ucf_gate_or_circuit_fragment,outputs\cache\Cello-UCF-develop\files\v1\ucf\Eco\Eco1C2G2T2.UCF.json,398,response_functions,F1_AmeR,1,15.78449545394434,on_off_ratio,derived_from_ymax_ymin,4.276875167,1.198230704373952,4.566156271,0.289281104,0.121548379,1.542139516,0.09276382,1.0,,,,
AmeR,ucf_gate_or_circuit_fragment,outputs\cache\Cello-UCF-develop\files\v2\ucf\Eco\Eco1C1G1T1.UCF.json,320,models,F1_AmeR_model,1,18.999999999999996,on_off_ratio,derived_from_ymax_ymin,3.5999999999999996,1.2787536009528289,3.8,0.2,0.09,1.4,,,0.09276381977393494,1.0,,
AmeR,ucf_gate_or_circuit_fragment,outputs\cache\Cello-UCF-develop\files\v2\ucf\Eco\Eco1C1G1T1.UCF.json,321,,f1_amer,0,,,not_found,,,,,,,,,,,,
AmeR,ucf_gate_or_circuit_fragment,outputs\cache\Cello-UCF-develop\files\v2\ucf\Eco\Eco1C2G2T2.UCF.json,338,models,F2_AmeR_model,1,17.816248109797748,on_off_ratio,derived_from_ymax_ymin,3.4682358300000002,1.2508162520707606,3.674478971,0.206243141,0.0346134,1.314222122,,,0.09874237,1.0,8.0,2.5
AmeR,ucf_gate_or_circuit_fragment,outputs\cache\Cello-UCF-develop\files\v2\ucf\Eco\Eco1C2G2T2.UCF.json,339,,f2_amer,0,,,not_found,,,,,,,,,,,,
AmeR,ucf_gate_or_circuit_fragment,outputs\cache\Cello-UCF-develop\files\v2\ucf\Eco\Eco1C2G2T2.UCF.json,428,models,F1_AmeR_model,1,15.78449545394434,on_off_ratio,derived_from_ymax_ymin,4.276875167,1.198230704373952,4.566156271,0.289281104,0.121548379,1.542139516,,,0.09276382,1.0,8.0,2.3
BetI,ucf_gate_or_circuit_fragment,outputs\cache\Cello-UCF-develop\files\v1\ucf\Eco\Eco1C1G1T0.UCF.json,263,gates,E1_BetI,0,,,not_found,,,,,,,,,,,,
BetI,ucf_gate_or_circuit_fragment,outputs\cache\Cello-UCF-develop\files\v1\ucf\Eco\Eco1C1G1T0.UCF.json,297,response_functions,E1_BetI,1,54.28571428571428,on_off_ratio,derived_from_ymax_ymin,3.73,1.7346855566025532,3.8,0.07,0.41,2.4,,,,,,
BetI,ucf_gate_or_circuit_fragment,outputs\cache\Cello-UCF-develop\files\v1\ucf\Eco\Eco1C1G1T0.UCF.json,666,eugene_rules,gate_beti,0,,,not_found,,,,,,,,,,,,
BetI,ucf_gate_or_circuit_fragment,outputs\cache\Cello-UCF-develop\files\v1\ucf\Eco\Eco1C2G2T2.UCF.json,318,response_functions,E1_BetI,1,69.48273532943901,on_off_ratio,derived_from_ymax_ymin,2.797014815,1.8418769069987,2.837857442,0.040842627,0.277844523,2.880416695,0.643200299,0.458199947,,,,
BetI,ucf_gate_or_circuit_fragment,outputs\cache\Cello-UCF-develop\files\v1\ucf\Eco\Eco2C1G3T1.UCF.json,519,gates,E1_BetI_a,0,,,not_found,,,,,,,,,,,,
BetI,ucf_gate_or_circuit_fragment,outputs\cache\Cello-UCF-develop\files\v1\ucf\Eco\Eco2C1G3T1.UCF.json,526,gates,E1_BetI_b,0,,,not_found,,,,,,,,,,,,
BetI,ucf_gate_or_circuit_fragment,outputs\cache\Cello-UCF-develop\files\v1\ucf\Eco\Eco2C1G3T1.UCF.json,563,response_functions,E1_BetI_a,1,8.8825,on_off_ratio,derived_from_ymax_ymin,1.9958489999999998,0.9485352161613656,2.249049,0.2532,1.250808,3.776,,,,,,
BetI,ucf_gate_or_circuit_fragment,outputs\cache\Cello-UCF-develop\files\v1\ucf\Eco\Eco2C1G3T1.UCF.json,605,response_functions,E1_BetI_b,1,8.8825,on_off_ratio,derived_from_ymax_ymin,1.9958489999999998,0.9485352161613656,2.249049,0.2532,1.250808,3.776,,,,,,
BetI,ucf_gate_or_circuit_fragment,outputs\cache\Cello-UCF-develop\files\v2\ucf\Eco\Eco1C1G1T1.UCF.json,312,models,E1_BetI_model,1,54.28571428571428,on_off_ratio,derived_from_ymax_ymin,3.73,1.7346855566025532,3.8,0.07,0.41,2.4,,,0.6432002990749837,0.4581999467137076,,
BetI,ucf_gate_or_circuit_fragment,outputs\cache\Cello-UCF-develop\files\v2\ucf\Eco\Eco1C1G1T1.UCF.json,313,,e1_beti,0,,,not_found,,,,,,,,,,,,
BetI,ucf_gate_or_circuit_fragment,outputs\cache\Cello-UCF-develop\files\v2\ucf\Eco\Eco1C2G2T2.UCF.json,328,models,E1_BetI_model,1,69.48273532943901,on_off_ratio,derived_from_ymax_ymin,2.797014815,1.8418769069987,2.837857442,0.040842627,0.277844523,2.880416695,,,0.643200299,0.458199947,0.4,1.5
BetI,ucf_gate_or_circuit_fragment,outputs\cache\Cello-UCF-develop\files\v2\ucf\Eco\Eco2C1G3T1.UCF.json,601,models,E1_BetI_model,1,8.8825,on_off_ratio,derived_from_ymax_ymin,1.9958489999999998,0.9485352161613656,2.249049,0.2532,1.250808,3.776,,,,,,
QacR,ucf_gate_or_circuit_fragment,outputs\cache\Cello-UCF-develop\files\v1\ucf\Eco\Eco1C1G1T1.UCF.json,273,gates,Q1_QacR,0,,,not_found,,,,,,,,,,,,
QacR,ucf_gate_or_circuit_fragment,outputs\cache\Cello-UCF-develop\files\v1\ucf\Eco\Eco1C1G1T1.UCF.json,274,gates,Q2_QacR,0,,,not_found,,,,,,,,,,,,
QacR,ucf_gate_or_circuit_fragment,outputs\cache\Cello-UCF-develop\files\v1\ucf\Eco\Eco1C1G1T1.UCF.json,358,response_functions,Q1_QacR,1,240.0,on_off_ratio,derived_from_ymax_ymin,2.39,2.380211241711606,2.4,0.01,0.05,2.7,,,,,,
QacR,ucf_gate_or_circuit_fragment,outputs\cache\Cello-UCF-develop\files\v1\ucf\Eco\Eco1C1G1T1.UCF.json,364,response_functions,Q2_QacR,1,93.33333333333333,on_off_ratio,derived_from_ymax_ymin,2.77,1.9700367766225568,2.8,0.03,0.21,2.4,,,,,,
QacR,ucf_gate_or_circuit_fragment,outputs\cache\Cello-UCF-develop\files\v1\ucf\Eco\Eco1C1G1T1.UCF.json,835,eugene_rules,gate_qacr,0,,,not_found,,,,,,,,,,,,
QacR,ucf_gate_or_circuit_fragment,outputs\cache\Cello-UCF-develop\files\v1\ucf\Eco\Eco2C1G3T1.UCF.json,514,gates,Q1_QacR_a,0,,,not_found,,,,,,,,,,,,
QacR,ucf_gate_or_circuit_fragment,outputs\cache\Cello-UCF-develop\files\v1\ucf\Eco\Eco2C1G3T1.UCF.json,521,gates,Q1_QacR_b,0,,,not_found,,,,,,,,,,,,
QacR,ucf_gate_or_circuit_fragment,outputs\cache\Cello-UCF-develop\files\v1\ucf\Eco\Eco2C1G3T1.UCF.json,533,response_functions,Q1_QacR_a,1,118.96666666666668,on_off_ratio,derived_from_ymax_ymin,4.480374,2.0754252932359982,4.518354,0.03798,0.970389,4.3237,,,,,,
QacR,ucf_gate_or_circuit_fragment,outputs\cache\Cello-UCF-develop\files\v1\ucf\Eco\Eco2C1G3T1.UCF.json,575,response_functions,Q1_QacR_b,1,118.96666666666668,on_off_ratio,derived_from_ymax_ymin,4.480374,2.0754252932359982,4.518354,0.03798,0.970389,4.3237,,,,,,
QacR,ucf_gate_or_circuit_fragment,outputs\cache\Cello-UCF-develop\files\v1\ucf\SC\SC1C1G1T1.UCF.json,261,gates,P1_QacR_a,0,,,not_found,,,,,,,,,,,,
QacR,ucf_gate_or_circuit_fragment,outputs\cache\Cello-UCF-develop\files\v1\ucf\SC\SC1C1G1T1.UCF.json,273,gates,P1_QacR_b,0,,,not_found,,,,,,,,,,,,
QacR,ucf_gate_or_circuit_fragment,outputs\cache\Cello-UCF-develop\files\v1\ucf\SC\SC1C1G1T1.UCF.json,295,response_functions,P1_QacR_a,1,1120.0,on_off_ratio,derived_from_ymax_ymin,2.2380000000000004,3.0492180226701815,2.24,0.002,0.19,3.36,,,,,,
QacR,ucf_gate_or_circuit_fragment,outputs\cache\Cello-UCF-develop\files\v1\ucf\SC\SC1C1G1T1.UCF.json,367,response_functions,P1_QacR_b,1,1.0,on_off_ratio,derived_from_ymax_ymin,0.0,0.0,0.01,0.01,1.0,1.0,,,,,,
QacR,ucf_gate_or_circuit_fragment,outputs\cache\Cello-UCF-develop\files\v2\ucf\Eco\Eco1C1G1T1.UCF.json,384,models,Q1_QacR_model,1,240.0,on_off_ratio,derived_from_ymax_ymin,2.39,2.380211241711606,2.4,0.01,0.05,2.7,,,0.3748404992150903,0.43564010137683185,,
QacR,ucf_gate_or_circuit_fragment,outputs\cache\Cello-UCF-develop\files\v2\ucf\Eco\Eco1C1G1T1.UCF.json,385,,q1_qacr,0,,,not_found,,,,,,,,,,,,
QacR,ucf_gate_or_circuit_fragment,outputs\cache\Cello-UCF-develop\files\v2\ucf\Eco\Eco1C1G1T1.UCF.json,392,models,Q2_QacR_model,1,93.33333333333333,on_off_ratio,derived_from_ymax_ymin,2.77,1.9700367766225568,2.8,0.03,0.21,2.4,,,0.3748404992150903,0.43564010137683185,,
QacR,ucf_gate_or_circuit_fragment,outputs\cache\Cello-UCF-develop\files\v2\ucf\Eco\Eco1C1G1T1.UCF.json,393,,q2_qacr,0,,,not_found,,,,,,,,,,,,
QacR,ucf_gate_or_circuit_fragment,outputs\cache\Cello-UCF-develop\files\v2\ucf\Eco\Eco2C1G3T1.UCF.json,577,models,Q1_QacR_model,1,118.96666666666668,on_off_ratio,derived_from_ymax_ymin,4.480374,2.0754252932359982,4.518354,0.03798,0.970389,4.3237,,,,,,
QacR,ucf_gate_or_circuit_fragment,outputs\cache\Cello-UCF-develop\files\v2\ucf\SC\SC1C1G1T1.UCF.json,0,header,QacR,0,,,not_found,,,,,,,,,,,,
QacR,ucf_gate_or_circuit_fragment,outputs\cache\Cello-UCF-develop\files\v2\ucf\SC\SC1C1G1T1.UCF.json,268,gates,P1_QacR,0,,,not_found,,,,,,,,,,,,
QacR,ucf_gate_or_circuit_fragment,outputs\cache\Cello-UCF-develop\files\v2\ucf\SC\SC1C1G1T1.UCF.json,290,models,P1_QacR_model,1,1120.0,on_off_ratio,derived_from_ymax_ymin,2.2380000000000004,3.0492180226701815,2.24,0.002,0.19,3.36,,,,,,
QacR,ucf_gate_or_circuit_fragment,outputs\cache\Cello-UCF-develop\files\v2\ucf\SC\SC1C1G1T1.UCF.json,291,,p1_qacr,0,,,not_found,,,,,,,,,,,,
AmtR,ucf_gate_or_circuit_fragment,outputs\cache\Cello-UCF-develop\files\v1\ucf\Eco\Eco1C1G1T0.UCF.json,259,gates,A1_AmtR,0,,,not_found,,,,,,,,,,,,
AmtR,ucf_gate_or_circuit_fragment,outputs\cache\Cello-UCF-develop\files\v1\ucf\Eco\Eco1C1G1T0.UCF.json,273,response_functions,A1_AmtR,1,63.333333333333336,on_off_ratio,derived_from_ymax_ymin,3.7399999999999998,1.8016323462331665,3.8,0.06,0.07,1.6,,,,,,
AmtR,ucf_gate_or_circuit_fragment,outputs\cache\Cello-UCF-develop\files\v1\ucf\Eco\Eco1C1G1T0.UCF.json,666,eugene_rules,gate_amtr,0,,,not_found,,,,,,,,,,,,
AmtR,ucf_gate_or_circuit_fragment,outputs\cache\Cello-UCF-develop\files\v1\ucf\Eco\Eco1C2G2T2.UCF.json,302,response_functions,A1_AmtR,1,89.05360056247291,on_off_ratio,derived_from_ymax_ymin,3.101389402,1.9496514832917038,3.13661101,0.035221608,0.047427884,1.656171138,0.274797631,1.0,,,,
AmtR,ucf_gate_or_circuit_fragment,outputs\cache\Cello-UCF-develop\files\v1\ucf\Eco\Eco2C1G3T1.UCF.json,515,gates,A1_AmtR_a,0,,,not_found,,,,,,,,,,,,
AmtR,ucf_gate_or_circuit_fragment,outputs\cache\Cello-UCF-develop\files\v1\ucf\Eco\Eco2C1G3T1.UCF.json,522,gates,A1_AmtR_b,0,,,not_found,,,,,,,,,,,,
AmtR,ucf_gate_or_circuit_fragment,outputs\cache\Cello-UCF-develop\files\v1\ucf\Eco\Eco2C1G3T1.UCF.json,539,response_functions,A1_AmtR_a,1,82.07500000000002,on_off_ratio,derived_from_ymax_ymin,2.0528190000000004,1.9142108914013778,2.078139,0.02532,0.147489,1.698,,,,,,
AmtR,ucf_gate_or_circuit_fragment,outputs\cache\Cello-UCF-develop\files\v1\ucf\Eco\Eco2C1G3T1.UCF.json,581,response_functions,A1_AmtR_b,1,82.07500000000002,on_off_ratio,derived_from_ymax_ymin,2.0528190000000004,1.9142108914013778,2.078139,0.02532,0.147489,1.698,,,,,,
AmtR,ucf_gate_or_circuit_fragment,outputs\cache\Cello-UCF-develop\files\v2\ucf\Eco\Eco1C1G1T1.UCF.json,280,models,A1_AmtR_model,1,63.333333333333336,on_off_ratio,derived_from_ymax_ymin,3.7399999999999998,1.8016323462331665,3.8,0.06,0.07,1.6,,,0.2747976308366057,1.0,,
AmtR,ucf_gate_or_circuit_fragment,outputs\cache\Cello-UCF-develop\files\v2\ucf\Eco\Eco1C1G1T1.UCF.json,281,,a1_amtr,0,,,not_found,,,,,,,,,,,,
AmtR,ucf_gate_or_circuit_fragment,outputs\cache\Cello-UCF-develop\files\v2\ucf\Eco\Eco1C2G2T2.UCF.json,308,models,A1_AmtR_model,1,89.05360056247291,on_off_ratio,derived_from_ymax_ymin,3.101389402,1.9496514832917038,3.13661101,0.035221608,0.047427884,1.656171138,,,0.274797631,1.0,0.9,2.5
AmtR,ucf_gate_or_circuit_fragment,outputs\cache\Cello-UCF-develop\files\v2\ucf\Eco\Eco2C1G3T1.UCF.json,583,models,A1_AmtR_model,1,82.07500000000002,on_off_ratio,derived_from_ymax_ymin,2.0528190000000004,1.9142108914013778,2.078139,0.02532,0.147489,1.698,,,,,,
Lmra,ucf_gate_or_circuit_fragment,outputs\cache\Cello-UCF-develop\files\v1\ucf\Eco\Eco1C1G1T1.UCF.json,269,gates,N1_LmrA,0,,,not_found,,,,,,,,,,,,
Lmra,ucf_gate_or_circuit_fragment,outputs\cache\Cello-UCF-develop\files\v1\ucf\Eco\Eco1C1G1T1.UCF.json,334,response_functions,N1_LmrA,1,11.0,on_off_ratio,derived_from_ymax_ymin,2.0,1.0413926851582251,2.2,0.2,0.18,2.1,,,,,,
Lmra,ucf_gate_or_circuit_fragment,outputs\cache\Cello-UCF-develop\files\v1\ucf\Eco\Eco1C1G1T1.UCF.json,835,eugene_rules,gate_lmra,0,,,not_found,,,,,,,,,,,,
Lmra,ucf_gate_or_circuit_fragment,outputs\cache\Cello-UCF-develop\files\v1\ucf\Eco\Eco1C2G2T2.UCF.json,334,response_functions,N1_LmrA,1,16.37617071162052,on_off_ratio,derived_from_ymax_ymin,1.188165807,1.2142123569339045,1.265439,0.077273193,0.093521178,1.754564179,0.283990165,1.0,,,,
Lmra,ucf_gate_or_circuit_fragment,outputs\cache\Cello-UCF-develop\files\v2\ucf\Eco\Eco1C1G1T1.UCF.json,352,models,N1_LmrA_model,1,11.0,on_off_ratio,derived_from_ymax_ymin,2.0,1.0413926851582251,2.2,0.2,0.18,2.1,,,0.2839901653137192,1.0,,
Lmra,ucf_gate_or_circuit_fragment,outputs\cache\Cello-UCF-develop\files\v2\ucf\Eco\Eco1C1G1T1.UCF.json,353,,n1_lmra,0,,,not_found,,,,,,,,,,,,
Lmra,ucf_gate_or_circuit_fragment,outputs\cache\Cello-UCF-develop\files\v2\ucf\Eco\Eco1C2G2T2.UCF.json,348,models,N1_LmrA_model,1,16.37617071162052,on_off_ratio,derived_from_ymax_ymin,1.188165807,1.2142123569339045,1.265439,0.077273193,0.093521178,1.754564179,,,0.283990165,1.0,1.0,1.3
